id,first_name,last_name,email,gender
1,Fanni,Kearn,fkearn0@prnewswire.com,Agender
2,Carter,Jovis,cjovis1@yale.edu,Male
3,Lionel,Di Frisco,ldifrisco2@plala.or.jp,Genderqueer
4,Mendie,Mumm,mmumm3@hc360.com,Male
5,Ali,Tessier,atessier4@un.org,Female
6,Daniel,Mateu,dmateu5@homestead.com,Male
7,Barbette,Bedburrow,bbedburrow6@ucoz.com,Female
8,Arvie,Vipan,avipan7@fc2.com,Male
9,Marni,Pennell,mpennell8@home.pl,Female
10,Tessa,Pollitt,tpollitt9@edublogs.org,Female
11,Rutter,Mansbridge,rmansbridgea@over-blog.com,Genderfluid
12,Moishe,Bretherick,mbretherickb@freewebs.com,Male
13,Raff,Sidney,rsidneyc@seattletimes.com,Male
14,Tabor,Glide,tglided@gov.uk,Male
15,Catie,Stanes,cstanese@infoseek.co.jp,Genderqueer
16,Francisco,Duding,fdudingf@nhs.uk,Male
17,Syman,Domesday,sdomesdayg@indiatimes.com,Male
18,Concordia,Steadman,csteadmanh@ycombinator.com,Female
19,Beryl,Loomis,bloomisi@yandex.ru,Female
20,Marina,Jarville,mjarvillej@vkontakte.ru,Female
21,Coop,Dutson,cdutsonk@over-blog.com,Male
22,Manolo,Solman,msolmanl@sina.com.cn,Male
23,Emmerich,Ellissen,eellissenm@ebay.co.uk,Male
24,Kary,Rimes,krimesn@google.ca,Female
25,Inglebert,Janic,ijanico@furl.net,Male
26,Dagmar,Dunley,ddunleyp@instagram.com,Female
27,Billy,Biaggiotti,bbiaggiottiq@nytimes.com,Genderqueer
28,Shelagh,Bradneck,sbradneckr@sakura.ne.jp,Female
29,Cecil,Detoc,cdetocs@wikipedia.org,Female
30,Coop,Freeborne,cfreebornet@marriott.com,Male
31,Carma,Vasilmanov,cvasilmanovu@storify.com,Female
32,Burnard,Dewire,bdewirev@netlog.com,Male
33,Read,Willmett,rwillmettw@etsy.com,Male
34,Tuckie,Kinrade,tkinradex@privacy.gov.au,Male
35,Spence,Ashley,sashleyy@java.com,Male
36,Dolf,Bailles,dbaillesz@weebly.com,Male
37,Brigitta,Prydden,bprydden10@theglobeandmail.com,Female
38,Raynell,Kluge,rkluge11@mail.ru,Female
39,Hildy,Healings,hhealings12@cafepress.com,Agender
40,Charmion,Blazhevich,cblazhevich13@globo.com,Female
41,Georgette,MacAnelley,gmacanelley14@altervista.org,Female
42,Zacherie,Townsend,ztownsend15@flavors.me,Polygender
43,Adelheid,Buckham,abuckham16@ucla.edu,Female
44,Arel,Christy,achristy17@feedburner.com,Male
45,Alexia,Boustred,aboustred18@msu.edu,Female
46,Emanuel,Antonomolii,eantonomolii19@google.com.hk,Male
47,Leese,McArt,lmcart1a@dell.com,Female
48,Magnum,Bromidge,mbromidge1b@ucoz.com,Male
49,Rock,Aggiss,raggiss1c@deviantart.com,Male
50,Donny,Ayre,dayre1d@barnesandnoble.com,Male
51,Shaina,Foro,sforo1e@cdc.gov,Female
52,Virgilio,McAughtry,vmcaughtry1f@yellowpages.com,Male
53,Lou,Hague,lhague1g@npr.org,Male
54,Thorin,Aleveque,taleveque1h@blogspot.com,Male
55,Anne,Trundell,atrundell1i@sun.com,Female
56,Skyler,Mulrean,smulrean1j@columbia.edu,Male
57,Rosmunda,Beagen,rbeagen1k@naver.com,Polygender
58,Merrick,L'Hommeau,mlhommeau1l@github.com,Male
59,Blake,Rainforth,brainforth1m@jiathis.com,Male
60,Shelley,Pratty,spratty1n@mtv.com,Male
61,Gilbert,Clemenzi,gclemenzi1o@google.com.hk,Male
62,Perla,Losseljong,plosseljong1p@yelp.com,Female
63,Charles,Knutsen,cknutsen1q@netlog.com,Male
64,Kaitlyn,Cockson,kcockson1r@ehow.com,Agender
65,Sharl,Ballard,sballard1s@samsung.com,Female
66,Janna,Atter,jatter1t@npr.org,Female
67,Forbes,Abys,fabys1u@umich.edu,Male
68,Rivalee,Weetch,rweetch1v@disqus.com,Female
69,Traver,Cleugh,tcleugh1w@twitter.com,Male
70,Calvin,Jackways,cjackways1x@time.com,Male
71,Everett,Ralphs,eralphs1y@pagesperso-orange.fr,Male
72,Stearne,Upward,supward1z@youtube.com,Male
73,Merry,Iacobo,miacobo20@pcworld.com,Male
74,Rand,Scrane,rscrane21@reuters.com,Male
75,Roxi,Wingfield,rwingfield22@upenn.edu,Female
76,Rhodie,O'Fielly,rofielly23@seattletimes.com,Female
77,Kellby,Bircher,kbircher24@cam.ac.uk,Male
78,Erin,Balding,ebalding25@lulu.com,Genderqueer
79,Kenneth,Gauler,kgauler26@skyrock.com,Male
80,Margaux,Campione,mcampione27@sina.com.cn,Female
81,Harriot,Keson,hkeson28@goodreads.com,Female
82,Casey,Trussman,ctrussman29@un.org,Male
83,Dick,Collin,dcollin2a@amazonaws.com,Male
84,Giordano,Eloy,geloy2b@google.ru,Male
85,Michaeline,Gounel,mgounel2c@wiley.com,Female
86,Madison,Lombard,mlombard2d@vinaora.com,Non-binary
87,Almira,Marcinkowski,amarcinkowski2e@hubpages.com,Female
88,Jere,Streetley,jstreetley2f@biglobe.ne.jp,Female
89,Blinnie,Dragonette,bdragonette2g@illinois.edu,Female
90,Findley,Waberer,fwaberer2h@oracle.com,Male
91,Guy,Forestel,gforestel2i@hhs.gov,Male
92,Leonore,Dobrovolny,ldobrovolny2j@freewebs.com,Female
93,Jerri,Gomer,jgomer2k@noaa.gov,Genderqueer
94,Lauren,Valett,lvalett2l@google.cn,Male
95,Sena,Diter,sditer2m@guardian.co.uk,Female
96,Linoel,Szepe,lszepe2n@vistaprint.com,Male
97,Zitella,Danilovich,zdanilovich2o@stanford.edu,Female
98,Kerwinn,Brosoli,kbrosoli2p@salon.com,Male
99,Angy,Hickford,ahickford2q@github.io,Female
100,Leonie,Windham,lwindham2r@pbs.org,Female
